,Validation,Test
MAE,13.6666001465855,19.451345692394167
RMSE,22.341130472659735,28.35881465465655
R2,0.9908469745419588,0.9855875462281125
Anomalies_Detected,3584.0,1028.0
Anomaly_Rate,0.05143439388068483,0.0295938048766445
