,Validation,Test
MAE,4.597668303813791,5.426826663199707
RMSE,7.561177355280866,10.150422336160384
R2,0.9989515849886559,0.9981535820895953
Anomalies_Detected,3644.0,1434.0
Anomaly_Rate,0.05229546074252666,0.041281630538043006
