error_frequency,clean_val_loss,error_val_loss,clean_rmse,error_rmse,clean_mae,error_mae,clean_r2,error_r2,clean_nse,error_nse
0.001,0.01570609025657177,0.026791991665959358,57.07602071664836,42.186761105874766,39.66498106565631,31.833579968103294,0.942855737722683,0.9687810980395576,0.942855737722683,0.9687810980395576
