error_frequency,error_rmse,error_mae,error_r2,error_nse,error_val_loss,clean_rmse,clean_mae,clean_r2,clean_nse,clean_val_loss,rmse_pct_increase,mae_pct_increase,nse_pct_decrease
0.01,163.5983325929458,116.37798568319104,0.5305136147529912,0.5305136147529912,0.2122488170862198,132.12839570841825,94.82640222274975,0.6937630573493994,0.6937630573493994,0.13598813116550446,23.81769393005846,22.72740814295163,23.53100829844143
0.02,190.695806350438,138.59661153053327,0.36210743316675853,0.36210743316675853,0.24786216020584106,132.12839570841825,94.82640222274975,0.6937630573493994,0.6937630573493994,0.13598813116550446,44.326134687404114,46.15825158584645,47.805316335200786
0.03,199.17439813918793,145.25083026323162,0.3041233187520188,0.3041233187520188,0.2647295892238617,132.12839570841825,94.82640222274975,0.6937630573493994,0.6937630573493994,0.13598813116550446,50.743068566977236,53.175515319070676,56.163229573803406
0.04,198.37912386571335,144.8769282575861,0.3096692923208445,0.3096692923208445,0.2696889340877533,132.12839570841825,94.82640222274975,0.6937630573493994,0.6937630573493994,0.13598813116550446,50.14117351693091,52.78121373545979,55.363825006195746
0.05,201.1623880292094,146.68731520286238,0.29016269166597686,0.29016269166597686,0.2783108353614807,132.12839570841825,94.82640222274975,0.6937630573493994,0.6937630573493994,0.13598813116550446,52.24765800769714,54.69037289666433,58.175534342434375
0.1,214.4481338272236,158.84705911813538,0.1933041938831248,0.1933041938831248,0.2698171138763428,132.12839570841825,94.82640222274975,0.6937630573493994,0.6937630573493994,0.13598813116550446,62.3028363263178,67.51353567648744,72.13685683673249
0.15,217.60461519200362,160.00048238667418,0.16938176572438113,0.16938176572438113,0.2698604464530945,132.12839570841825,94.82640222274975,0.6937630573493994,0.6937630573493994,0.13598813116550446,64.69178636832525,68.7298881284442,75.58506986931195
