error_frequency,clean_val_loss,error_val_loss,clean_rmse,error_rmse,clean_mae,error_mae,clean_r2,error_r2,clean_nse,error_nse,rmse_pct_increase,mae_pct_increase,nse_pct_decrease
0.0,0.1258480697870254,0.1415159702301025,147.21674219308042,136.916268506655,104.64077801105104,97.6227158999834,0.6198284072605771,0.6711670220900393,0.6198284072605771,0.6711670220900393,,,
0.01,0.1359881311655044,0.2122488170862198,132.12839570841825,163.5983325929458,94.82640222274976,116.37798568319104,0.6937630573493994,0.5305136147529912,0.6937630573493994,0.5305136147529912,23.81769393005846,22.72740814295163,23.53100829844143
0.02,0.1359881311655044,0.247862160205841,132.12839570841825,190.695806350438,94.82640222274976,138.59661153053327,0.6937630573493994,0.3621074331667585,0.6937630573493994,0.3621074331667585,44.326134687404114,46.15825158584645,47.80531633520079
0.03,0.1359881311655044,0.2647295892238617,132.12839570841825,199.174398139188,94.82640222274976,145.25083026323162,0.6937630573493994,0.3041233187520188,0.6937630573493994,0.3041233187520188,50.74306856697724,53.17551531907068,56.163229573803406
0.04,0.1359881311655044,0.2696889340877533,132.12839570841825,198.37912386571327,94.82640222274976,144.8769282575861,0.6937630573493994,0.3096692923208445,0.6937630573493994,0.3096692923208445,50.14117351693091,52.78121373545979,55.36382500619575
0.05,0.1359881311655044,0.2783108353614807,132.12839570841825,201.1623880292094,94.82640222274976,146.68731520286238,0.6937630573493994,0.2901626916659768,0.6937630573493994,0.2901626916659768,52.24765800769714,54.69037289666433,58.175534342434375
0.1,0.1359881311655044,0.2698171138763428,132.12839570841825,214.4481338272236,94.82640222274976,158.84705911813538,0.6937630573493994,0.1933041938831248,0.6937630573493994,0.1933041938831248,62.3028363263178,67.51353567648744,72.13685683673249
0.15,0.13598813116550446,0.2698604464530945,132.12839570841825,217.60461519200362,94.82640222274975,160.00048238667418,0.6937630573493994,0.16938176572438113,0.6937630573493994,0.16938176572438113,64.69178636832525,68.7298881284442,75.58506986931195
