,Validation,Test
MAE,14.611677201474258,21.580364013306404
RMSE,23.141584588176592,40.8978912203906
R2,0.9901793424502208,0.9700246950631788
Anomalies_Detected,1921.0,1912.0
Anomaly_Rate,0.027568490693302333,0.055042174050724015
