Horizon,Overall_MAE,Normal_MAE,Anomaly_MAE,MAE_Difference,MAE_Impact_Percentage
1,33.297493312928054,24.716005990237647,181.44320111552497,156.72719512528732,634.1121425006596
12,33.28346793214964,24.762472648405677,180.38487704978004,155.62240440137435,628.4606816573064
24,33.68955557441706,25.00634265852374,183.59139368869526,158.5850510301715,634.1793088087422
48,33.766653865325864,25.01882270107789,184.78402309670432,159.76520039562644,638.5800095571373
72,33.89064858641474,25.067948235793075,186.20051504943396,161.1325668136409,642.783227801504
