,Validation,Test
MAE,18.25495003755535,23.10763812629939
RMSE,29.225762227427683,44.70034025978583
R2,0.9843365987314201,0.9641917219687284
Anomalies_Detected,2380.0,1891.0
Anomaly_Rate,0.03415565218639227,0.05443763134409995
