Station_of_Interest,Closest_Rain_Station,Distance_m,Catchment_ID
21006845,05135,5036.00150998011,69
21006846,05225,8599.919375753132,69
21006847,05205,5892.088368241208,69
