,Validation,Test
MAE,7.653421027565968,11.649402180508147
RMSE,11.70278147701159,19.773914190326245
R2,0.9974885035312536,0.9929927587604598
Anomalies_Detected,845.0,1063.0
Anomaly_Rate,0.01212669163760566,0.03060137605435127
